date,power_generation_mw,coal_consumption_tonnes,temperature_c,coal_price_inr,inventory_level_tonnes,is_holiday,is_weekend
2022-01-01,480.97,219.68,9.5,8090.32,5000.0,0,1
2022-01-02,486.53,228.6,8.0,8078.85,4771.4,0,1
2022-01-03,580.11,250.96,10.6,8111.22,4520.44,0,0
2022-01-04,595.45,275.24,8.4,8117.76,4245.2,0,0
2022-01-05,584.8,271.34,8.7,8133.79,3973.86,0,0
2022-01-06,603.04,235.64,7.6,8188.59,3738.22,0,0
2022-01-07,573.12,262.64,13.7,8172.83,3475.58,0,0
2022-01-08,504.46,203.16,10.9,8128.8,3272.42,0,1
2022-01-09,482.1,239.63,15.3,8161.39,,0,1
2022-01-10,600.02,256.96,6.9,8135.4,2775.83,0,0
2022-01-11,586.01,269.08,12.9,8131.72,2506.75,0,0
2022-01-12,554.51,268.89,15.2,8086.94,2237.85,0,0
2022-01-13,567.01,237.31,5.3,8051.29,2000.54,0,0
2022-01-14,565.04,237.72,10.1,8108.76,1762.83,0,0
2022-01-15,485.41,209.13,5.5,8201.18,4553.7,0,1
2022-01-16,529.98,265.48,10.4,8182.24,4288.22,0,1
2022-01-17,569.33,234.23,10.6,8128.71,4053.99,0,0
2022-01-18,576.22,256.03,11.8,,3797.96,0,0
2022-01-19,582.7,260.93,5.0,8136.34,3537.04,0,0
2022-01-20,575.14,256.04,10.8,8184.08,3280.99,0,0
2022-01-21,577.75,258.1,7.4,,3022.89,0,0
2022-01-22,511.29,219.39,8.0,8326.09,2803.5,0,1
2022-01-23,484.05,787.6814229682611,7.0,8367.01,2600.28,0,1
2022-01-24,589.07,258.14,10.8,8454.7,2342.14,0,0
2022-01-25,578.48,223.22,7.3,8388.64,2118.92,0,0
2022-01-26,430.86,216.65,7.4,8342.49,1902.28,1,0
2022-01-27,583.58,249.06,10.8,8374.9,4653.22,0,0
2022-01-28,562.32,244.1,9.0,8419.05,4409.12,0,0
2022-01-29,498.44,212.43,7.2,8458.52,4196.69,0,1
2022-01-30,472.2,216.62,8.5,8439.58,3980.07,0,1
2022-01-31,581.5,240.36,7.4,8535.47,3739.71,0,0
2022-02-01,553.87,223.17,10.5,8559.28,3516.54,0,0
2022-02-02,570.81,263.71,13.2,8636.55,3252.83,0,0
2022-02-03,559.56,251.04,14.5,8714.85,3001.79,0,0
2022-02-04,553.98,234.07,17.0,8742.02,2767.72,0,0
2022-02-05,484.03,234.06,12.3,8709.08,2533.66,0,1
2022-02-06,482.77,220.11,11.4,8804.23,2313.55,0,1
2022-02-07,561.89,257.49,10.4,8829.42,2056.07,0,0
2022-02-08,552.08,233.87,8.2,8925.78,1822.19,0,0
2022-02-09,575.71,240.1,17.1,8924.22,4582.09,0,0
2022-02-10,561.89,249.2,9.8,8846.94,4332.9,0,0
2022-02-11,566.57,237.41,14.5,,4095.48,0,0
2022-02-12,473.03,210.47,11.8,9042.01,3885.01,0,1
2022-02-13,453.73,211.76,15.1,9116.59,3673.25,0,1
2022-02-14,,261.03,14.9,9106.84,3412.21,0,0
2022-02-15,552.45,246.5,13.8,9156.31,3165.72,0,0
2022-02-16,533.59,237.68,12.8,9188.5,2928.04,0,0
2022-02-17,537.03,242.81,16.6,9263.28,2685.23,0,0
2022-02-18,563.21,253.78,12.8,9225.34,2431.45,0,0
2022-02-19,456.16,189.94,14.4,9285.0,2241.5,0,1
2022-02-20,461.31,183.69,13.2,9254.61,2057.82,0,1
2022-02-21,,268.11,14.7,9242.68,1789.71,0,0
2022-02-22,557.64,243.62,15.8,9353.71,4546.1,0,0
2022-02-23,550.47,237.12,14.9,9303.7,4308.98,0,0
2022-02-24,549.0,254.09,14.7,9200.75,4054.89,0,0
2022-02-25,525.68,249.65,13.0,9185.09,3805.24,0,0
2022-02-26,,232.84,13.1,9305.09,3572.4,0,1
2022-02-27,460.41,205.28,15.1,9396.32,3367.11,0,1
2022-02-28,551.74,224.99,13.8,9498.29,3142.12,0,0
2022-03-01,526.19,255.09,20.1,9468.36,2887.04,0,0
2022-03-02,514.21,216.1,9.3,9488.53,2670.93,0,0
2022-03-03,565.31,256.21,19.0,9548.41,2414.72,0,0
2022-03-04,532.99,231.13,13.4,9523.9,2183.59,0,0
2022-03-05,499.46,234.02,16.2,9590.06,1949.57,0,1
2022-03-06,455.48,244.7,20.6,9537.49,4704.87,0,1
2022-03-07,528.12,264.1,12.9,9532.46,4440.77,0,0
2022-03-08,369.99,171.98,15.5,9554.66,4268.79,1,0
2022-03-09,524.86,231.9,17.6,9599.84,4036.89,0,0
2022-03-10,516.82,241.83,22.4,9589.13,3795.05,0,0
2022-03-11,520.92,232.76,19.8,9593.74,3562.3,0,0
2022-03-12,462.91,206.98,19.6,9487.63,3355.32,0,1
2022-03-13,454.66,224.88,17.4,9566.66,3130.44,0,1
2022-03-14,545.29,239.66,16.3,9607.57,2890.78,0,0
2022-03-15,512.37,248.93,15.8,9595.46,2641.85,0,0
2022-03-16,524.77,239.15,21.8,9555.9,2402.7,0,0
2022-03-17,534.91,239.2,20.5,9584.76,2163.5,0,0
2022-03-18,529.92,236.28,16.1,9578.43,1927.22,0,0
2022-03-19,432.22,196.86,17.4,9607.54,4730.36,0,1
2022-03-20,431.98,196.51,18.3,9568.08,4533.85,0,1
2022-03-21,534.57,226.18,22.3,9584.68,4307.67,0,0
2022-03-22,533.39,249.7,20.8,9554.03,4057.97,0,0
2022-03-23,545.68,269.67,19.8,9488.38,3788.3,0,0
2022-03-24,535.44,256.3,20.6,9409.09,3532.0,0,0
2022-03-25,372.83,169.46,19.6,9412.57,3362.54,1,0
2022-03-26,472.49,227.67,17.6,9384.85,3134.87,0,1
2022-03-27,480.0,205.42,21.4,9419.48,2929.45,0,1
2022-03-28,500.93,215.01,18.9,9517.88,2714.44,0,0
2022-03-29,542.26,228.77,24.8,9501.48,2485.66,0,0
2022-03-30,565.34,238.66,26.4,9546.87,2247.0,0,0
2022-03-31,516.51,219.47,21.4,9449.71,2027.53,0,0
2022-04-01,567.17,255.74,25.2,9443.67,1771.79,0,0
2022-04-02,465.67,207.68,25.9,9388.82,4564.11,0,1
2022-04-03,461.03,201.73,22.2,9396.36,4362.38,0,1
2022-04-04,541.63,253.86,21.9,9360.89,4108.53,0,0
2022-04-05,571.42,253.51,27.8,9437.35,3855.01,0,0
2022-04-06,540.53,260.36,24.3,9436.4,3594.65,0,0
2022-04-07,,277.58,25.1,9442.19,3317.07,0,0
2022-04-08,560.81,243.61,22.6,9393.64,3073.46,0,0
2022-04-09,487.2,246.89,24.0,9459.31,2826.57,0,1
2022-04-10,479.38,212.6,27.3,9400.4,2613.97,0,1
2022-04-11,562.98,251.88,27.3,9419.24,2362.1,0,0
2022-04-12,568.38,269.06,25.8,9347.17,2093.04,0,0
2022-04-13,548.03,220.09,28.0,9388.82,1872.95,0,0
2022-04-14,386.25,159.44,23.4,9379.79,4713.52,1,0
2022-04-15,570.93,254.67,28.1,9341.12,4458.84,0,0
2022-04-16,475.33,212.72,26.7,9325.46,4246.12,0,1
2022-04-17,468.94,186.44,28.1,9347.0,4059.69,0,1
2022-04-18,,268.66,26.3,9320.66,3791.02,0,0
2022-04-19,565.75,245.68,26.6,9409.62,3545.34,0,0
2022-04-20,606.04,277.93,23.7,9417.9,3267.41,0,0
2022-04-21,580.15,251.98,24.9,9505.93,3015.43,0,0
2022-04-22,545.95,266.16,30.8,9537.27,2749.27,0,0
2022-04-23,497.68,211.58,27.9,9526.46,2537.69,0,1
2022-04-24,487.87,206.62,26.2,9529.58,2331.06,0,1
2022-04-25,559.82,219.4,30.5,9610.38,2111.66,0,0
2022-04-26,592.42,266.31,30.7,9641.0,1845.35,0,0
2022-04-27,601.62,284.49,32.6,9634.96,4560.86,0,0
2022-04-28,575.23,284.86,32.6,9651.19,4276.0,0,0
2022-04-29,575.18,258.32,32.9,9664.95,4017.68,0,0
2022-04-30,498.26,231.5,31.4,9650.13,3786.18,0,1
2022-05-01,317.11,134.63,27.8,9694.75,3651.55,1,1
2022-05-02,611.32,287.64,30.1,9704.6,3363.92,0,0
2022-05-03,605.16,285.06,30.4,9643.14,3078.86,0,0
2022-05-04,614.53,281.02,31.0,9606.29,2797.84,0,0
2022-05-05,566.09,237.06,33.3,9638.07,2560.78,0,0
2022-05-06,588.78,244.95,30.6,9675.86,2315.82,0,0
2022-05-07,536.9,254.45,33.6,9608.54,2061.37,0,1
2022-05-08,497.52,197.19,32.8,9645.66,1864.19,0,1
2022-05-09,594.84,294.83,34.7,9689.14,4569.35,0,0
2022-05-10,615.39,247.84,32.2,,4321.52,0,0
2022-05-11,592.97,279.36,30.1,9557.26,4042.16,0,0
2022-05-12,620.25,240.9,29.1,9493.9,3801.26,0,0
2022-05-13,585.06,268.7,35.8,9614.95,3532.56,0,0
2022-05-14,518.67,251.4,33.8,9569.12,3281.16,0,1
2022-05-15,521.25,249.54,33.5,9625.31,3031.62,0,1
2022-05-16,600.57,303.09,34.6,9641.69,2728.52,0,0
2022-05-17,624.81,315.8,31.0,9604.45,2412.72,0,0
2022-05-18,618.39,271.75,30.3,9628.34,2140.97,0,0
2022-05-19,627.23,253.39,37.5,9576.7,1887.57,0,0
2022-05-20,606.06,267.92,,9629.0,4619.65,0,0
2022-05-21,541.51,218.29,34.1,9670.72,4401.36,0,1
2022-05-22,527.62,243.43,35.7,,4157.93,0,1
2022-05-23,642.84,266.53,33.5,9683.99,3891.41,0,0
2022-05-24,597.29,256.49,36.3,9722.4,3634.92,0,0
2022-05-25,637.07,265.54,33.3,9759.16,3369.38,0,0
2022-05-26,615.37,271.48,37.3,9789.38,3097.9,0,0
2022-05-27,603.14,270.95,31.5,9690.3,2826.95,0,0
2022-05-28,517.53,237.24,36.9,9706.23,2589.71,0,1
2022-05-29,543.08,269.73,43.2,9581.54,2319.98,0,1
2022-05-30,608.77,277.92,36.2,9590.44,2042.06,0,0
2022-05-31,605.73,275.53,36.2,9656.38,1766.53,0,0
2022-06-01,610.13,280.02,35.1,9666.02,4486.52,0,0
2022-06-02,622.88,315.84,38.3,9643.35,4170.68,0,0
2022-06-03,600.87,303.52,38.5,9629.06,3867.15,0,0
2022-06-04,515.32,228.85,34.5,9694.17,3638.3,0,1
2022-06-05,553.9,254.35,34.9,9688.2,3383.95,0,1
2022-06-06,612.62,273.08,37.4,9622.03,3110.86,0,0
2022-06-07,614.04,280.5,36.3,9621.7,2830.36,0,0
2022-06-08,633.13,287.42,35.8,9685.06,2542.94,0,0
2022-06-09,607.91,292.31,40.0,9772.42,2250.62,0,0
2022-06-10,629.05,285.23,40.3,9816.3,1965.39,0,0
2022-06-11,518.12,265.73,40.3,9795.9,4699.66,0,1
2022-06-12,516.8,250.88,34.9,9809.67,4448.78,0,1
2022-06-13,578.96,258.44,35.5,9813.02,4190.35,0,0
2022-06-14,592.85,254.7,37.1,9801.07,3935.65,0,0
2022-06-15,607.02,284.65,35.5,9699.06,3651.0,0,0
2022-06-16,609.28,322.04,42.0,9662.19,3328.96,0,0
2022-06-17,584.93,255.01,36.9,9497.48,,0,0
2022-06-18,514.55,241.04,43.5,9462.58,2832.91,0,1
2022-06-19,507.8,253.79,43.1,9432.39,2579.13,0,1
2022-06-20,604.87,287.2,38.7,9367.43,2291.92,0,0
2022-06-21,1272.2991509867502,279.91,39.9,9352.19,2012.01,0,0
2022-06-22,621.64,279.53,40.4,9405.56,1732.48,0,0
2022-06-23,602.3,263.69,35.3,9452.39,4468.79,0,0
2022-06-24,597.27,240.06,36.5,9418.55,4228.73,0,0
2022-06-25,507.31,230.36,40.7,9406.69,3998.37,0,1
2022-06-26,510.7,221.69,43.3,9359.06,3776.68,0,1
2022-06-27,575.83,264.07,41.1,9440.05,3512.61,0,0
2022-06-28,615.54,282.61,40.9,9491.07,3230.0,0,0
2022-06-29,604.96,245.07,45.2,9512.99,2984.93,0,0
2022-06-30,602.84,261.0,38.6,9452.42,2723.93,0,0
2022-07-01,599.69,281.68,36.3,9469.22,2442.25,0,0
2022-07-02,488.01,230.35,38.0,9396.19,2211.89,0,1
2022-07-03,465.52,191.58,37.5,9370.2,2020.31,0,1
2022-07-04,589.03,273.36,38.4,9365.36,1746.95,0,0
2022-07-05,580.67,270.07,42.3,9445.12,4476.88,0,0
2022-07-06,582.78,242.95,38.6,9390.78,4233.93,0,0
2022-07-07,578.99,261.6,40.5,9387.36,3972.33,0,0
2022-07-08,598.02,262.77,35.6,9386.92,3709.56,0,0
2022-07-09,487.98,204.23,42.3,9382.95,3505.33,0,1
2022-07-10,508.39,218.1,40.4,9324.83,3287.23,0,1
2022-07-11,580.63,273.53,40.4,9383.86,3013.71,0,0
2022-07-12,571.24,250.46,42.2,9428.21,2763.25,0,0
2022-07-13,561.31,226.54,41.3,9491.73,2536.71,0,0
2022-07-14,562.99,265.91,35.7,9487.32,2270.8,0,0
2022-07-15,566.78,257.02,41.0,9597.05,2013.78,0,0
2022-07-16,467.76,190.87,38.2,9613.92,1822.91,0,1
2022-07-17,482.51,193.92,38.3,9666.91,4629.0,0,1
2022-07-18,556.17,245.04,37.5,9641.17,4383.95,0,0
2022-07-19,516.5,223.67,40.7,9686.66,4160.29,0,0
2022-07-20,542.67,238.09,44.6,9701.27,3922.19,0,0
2022-07-21,537.49,247.28,34.8,9728.55,3674.91,0,0
2022-07-22,562.12,254.32,41.2,9685.19,3420.59,0,0
2022-07-23,434.82,178.65,38.3,9651.71,3241.94,0,1
2022-07-24,444.32,202.35,39.2,9674.94,3039.59,0,1
2022-07-25,517.17,240.04,39.3,9687.95,2799.55,0,0
2022-07-26,544.66,269.26,39.4,9682.57,2530.28,0,0
2022-07-27,542.49,240.76,40.6,9605.57,2289.53,0,0
2022-07-28,538.39,263.35,41.3,9520.63,2026.17,0,0
2022-07-29,532.01,227.23,40.1,9465.41,1798.94,0,0
2022-07-30,467.91,186.0,41.2,9494.08,4612.95,0,1
2022-07-31,432.99,204.21,38.8,9424.74,4408.73,0,1
2022-08-01,550.48,229.15,38.9,9457.5,4179.58,0,0
2022-08-02,535.31,254.52,37.9,9464.26,3925.06,0,0
2022-08-03,544.54,229.1,31.5,9476.28,3695.96,0,0
2022-08-04,531.48,248.65,34.7,9474.26,3447.3,0,0
2022-08-05,527.72,247.03,37.5,9489.08,3200.27,0,0
2022-08-06,462.5,211.26,39.8,9418.37,2989.0,0,1
2022-08-07,430.38,188.42,40.5,9467.5,2800.59,0,1
2022-08-08,526.15,214.84,38.7,9417.93,2585.75,0,0
2022-08-09,515.45,238.01,37.3,9314.54,2347.74,0,0
2022-08-10,525.61,228.55,41.0,9344.28,2119.19,0,0
2022-08-11,511.45,225.51,37.9,9348.69,1893.68,0,0
2022-08-12,500.43,235.8,41.2,9462.91,4657.88,0,0
2022-08-13,450.65,174.71,40.3,9437.87,4483.17,0,1
2022-08-14,417.73,181.83,37.3,9377.5,4301.34,0,1
2022-08-15,363.47,168.55,35.0,9443.98,4132.79,1,0
2022-08-16,488.89,226.06,35.0,9385.65,3906.73,0,0
2022-08-17,517.84,210.34,40.6,9336.94,3696.39,0,0
2022-08-18,516.29,245.94,40.2,9277.36,3450.44,0,0
2022-08-19,385.13,171.15,36.9,9226.24,3279.3,1,0
2022-08-20,446.31,228.45,33.2,9147.8,3050.84,0,1
2022-08-21,460.18,217.46,34.8,9180.94,2833.38,0,1
2022-08-22,510.62,244.01,33.1,9256.8,2589.37,0,0
2022-08-23,524.2,245.76,28.9,9238.16,2343.61,0,0
2022-08-24,490.23,194.5,38.0,9257.39,2149.11,0,0
2022-08-25,492.62,670.1935296628619,36.0,9250.88,1922.69,0,0
2022-08-26,508.27,229.79,36.5,9161.37,4692.91,0,0
2022-08-27,434.59,170.52,37.0,9179.21,4522.38,0,1
2022-08-28,433.24,183.9,32.5,9275.84,4338.49,0,1
2022-08-29,507.59,221.4,36.1,9289.87,4117.08,0,0
2022-08-30,528.1,228.21,33.3,9231.76,3888.87,0,0
2022-08-31,526.84,222.61,31.9,9283.45,3666.26,0,0
2022-09-01,527.61,228.64,38.1,9241.83,3437.62,0,0
2022-09-02,506.41,208.32,32.8,9267.69,3229.31,0,0
2022-09-03,440.79,221.45,32.6,9391.23,3007.86,0,1
2022-09-04,397.9,169.1,37.4,9480.24,2838.75,0,1
2022-09-05,502.13,214.16,37.6,9501.46,,0,0
2022-09-06,525.97,230.57,32.8,9479.75,2394.02,0,0
2022-09-07,332.21,144.11,31.1,9375.78,2249.92,1,0
2022-09-08,479.2,189.04,37.0,9311.33,2060.88,0,0
2022-09-09,513.23,225.93,28.2,9269.54,1834.95,0,0
2022-09-10,411.71,161.82,33.7,9300.23,4673.13,0,1
2022-09-11,400.27,178.18,33.6,9333.78,4494.95,0,1
2022-09-12,521.76,225.14,30.6,9295.29,4269.81,0,0
2022-09-13,497.23,230.37,30.4,9275.84,4039.43,0,0
2022-09-14,495.73,225.29,27.9,9321.98,3814.15,0,0
2022-09-15,503.3,244.67,28.4,9344.94,3569.48,0,0
2022-09-16,492.18,210.54,29.7,9314.82,3358.94,0,0
2022-09-17,428.33,186.08,28.6,9289.62,3172.85,0,1
2022-09-18,442.99,225.07,32.5,9178.06,2947.78,0,1
2022-09-19,506.36,260.75,30.5,9226.01,2687.04,0,0
2022-09-20,482.76,221.19,31.1,9168.94,2465.85,0,0
2022-09-21,513.83,230.58,25.5,9112.83,2235.27,0,0
2022-09-22,481.56,207.98,29.8,9190.17,2027.29,0,0
2022-09-23,483.44,203.87,27.5,9222.13,1823.42,0,0
2022-09-24,423.04,179.75,26.8,9175.72,4643.67,0,1
2022-09-25,435.23,185.41,26.1,9128.54,4458.25,0,1
2022-09-26,502.24,218.15,26.6,9116.2,4240.1,0,0
2022-09-27,516.59,225.69,26.3,9186.46,4014.42,0,0
2022-09-28,506.41,222.56,33.2,9141.52,3791.85,0,0
2022-09-29,511.64,239.03,33.4,9174.46,3552.82,0,0
2022-09-30,495.6,211.67,27.7,9219.8,3341.15,0,0
2022-10-01,438.64,178.78,26.4,9219.71,3162.37,0,1
2022-10-02,308.69,142.63,25.3,9236.28,3019.74,1,1
2022-10-03,500.34,221.33,25.3,9154.94,2798.41,0,0
2022-10-04,508.89,234.32,22.1,9215.84,2564.09,0,0
2022-10-05,526.6,218.71,24.3,9208.18,2345.38,0,0
2022-10-06,508.01,205.29,30.4,9195.5,2140.09,0,0
2022-10-07,492.77,206.7,23.9,9311.51,1933.39,0,0
2022-10-08,449.65,208.34,26.9,9282.82,4725.05,0,1
2022-10-09,438.46,186.16,19.3,9239.49,4538.89,0,1
2022-10-10,549.24,240.52,23.3,9256.37,4298.37,0,0
2022-10-11,496.06,233.64,23.2,9324.46,4064.73,0,0
2022-10-12,530.25,225.62,24.8,9391.95,3839.11,0,0
2022-10-13,511.65,221.51,29.8,9354.59,3617.59,0,0
2022-10-14,495.13,227.08,20.7,9375.3,3390.52,0,0
2022-10-15,295.18,142.06,23.4,9414.76,3248.45,1,1
2022-10-16,455.42,197.88,21.4,9423.76,3050.57,0,1
2022-10-17,505.72,230.13,21.7,9505.75,2820.44,0,0
2022-10-18,520.11,267.3,24.5,9560.78,2553.14,0,0
2022-10-19,515.83,214.04,,9552.07,2339.1,0,0
2022-10-20,492.87,222.45,15.8,9527.67,2116.65,0,0
2022-10-21,524.47,256.7,23.6,9510.32,1859.95,0,0
2022-10-22,433.91,633.6611114160693,19.6,9543.76,4668.22,0,1
2022-10-23,455.62,199.1,19.5,9503.27,4469.12,0,1
2022-10-24,386.64,165.56,24.8,9499.73,4303.56,1,0
2022-10-25,514.48,236.19,19.7,9524.31,4067.37,0,0
2022-10-26,505.23,246.61,19.8,9479.39,3820.77,0,0
2022-10-27,536.31,246.28,21.0,9437.53,3574.49,0,0
2022-10-28,530.68,266.76,20.5,9465.6,3307.73,0,0
2022-10-29,446.36,206.68,12.2,9535.64,3101.05,0,1
2022-10-30,462.3,221.75,24.6,9615.59,2879.3,0,1
2022-10-31,534.15,271.61,18.1,9577.37,2607.68,0,0
2022-11-01,388.17,151.85,19.2,9633.58,2455.83,1,0
2022-11-02,522.52,215.86,16.8,9651.47,2239.97,0,0
2022-11-03,527.39,222.16,20.9,9681.53,2017.82,0,0
2022-11-04,528.68,221.26,17.3,9686.95,1796.56,0,0
2022-11-05,454.88,705.2820104976237,22.1,9710.66,4564.85,0,1
2022-11-06,444.19,200.21,15.9,9743.89,4364.63,0,1
2022-11-07,520.61,250.3,14.9,9820.93,4114.33,0,0
2022-11-08,531.46,242.74,16.6,9841.42,3871.6,0,0
2022-11-09,532.1,240.18,17.1,9813.31,3631.42,0,0
2022-11-10,554.43,209.85,19.5,9862.54,3421.57,0,0
2022-11-11,554.51,231.37,,9847.75,3190.2,0,0
2022-11-12,465.88,196.0,20.5,9903.52,2994.19,0,1
2022-11-13,478.14,187.24,17.7,9890.76,2806.96,0,1
2022-11-14,526.76,647.6202385211951,15.2,10015.15,2530.84,0,0
2022-11-15,378.04,164.29,15.9,10092.28,2366.55,1,0
2022-11-16,572.38,237.34,18.1,10109.05,2129.21,0,0
2022-11-17,549.65,254.33,16.0,10090.51,1874.88,0,0
2022-11-18,570.44,257.55,16.4,10085.22,4617.33,0,0
2022-11-19,461.64,194.67,11.9,10016.49,4422.67,0,1
2022-11-20,488.06,212.57,15.5,10025.15,4210.09,0,1
2022-11-21,544.1,262.94,15.6,10002.87,3947.15,0,0
2022-11-22,561.01,262.48,14.0,10046.4,3684.67,0,0
2022-11-23,541.33,245.47,11.7,10049.06,3439.2,0,0
2022-11-24,559.08,257.15,14.6,10099.93,3182.05,0,0
2022-11-25,526.4,239.55,13.7,10148.99,2942.5,0,0
2022-11-26,496.09,191.24,14.8,10231.52,2751.26,0,1
2022-11-27,488.43,233.75,16.4,10153.31,2517.51,0,1
2022-11-28,567.58,245.73,12.3,10166.17,2271.78,0,0
2022-11-29,572.42,261.57,17.0,10205.08,2010.2,0,0
2022-11-30,568.86,249.66,14.0,10109.54,1760.54,0,0
2022-12-01,583.52,268.84,15.2,10114.63,4491.71,0,0
2022-12-02,562.6,226.1,10.4,10243.6,4265.61,0,0
2022-12-03,488.13,232.75,9.1,10240.02,4032.86,0,1
2022-12-04,507.22,239.67,13.4,10173.15,3793.2,0,1
2022-12-05,595.82,241.68,9.0,10119.41,3551.51,0,0
2022-12-06,579.81,267.72,14.5,10103.7,3283.79,0,0
2022-12-07,560.0,245.33,11.3,10085.53,3038.46,0,0
2022-12-08,590.36,263.36,13.7,10043.31,2775.1,0,0
2022-12-09,590.43,247.04,12.8,10072.17,2528.07,0,0
2022-12-10,496.39,222.66,11.0,10134.45,2305.41,0,1
2022-12-11,492.21,206.0,11.4,10189.55,2099.4,0,1
2022-12-12,568.33,251.85,13.4,10253.98,1847.55,0,0
2022-12-13,580.89,263.17,10.2,10267.56,,0,0
2022-12-14,559.64,257.29,14.4,10300.18,4327.09,0,0
2022-12-15,564.54,249.49,14.2,10222.81,4077.6,0,0
2022-12-16,586.78,245.09,7.3,10179.13,3832.51,0,0
2022-12-17,481.78,,10.5,10162.49,3623.27,0,1
2022-12-18,463.37,203.93,6.8,10207.13,3419.34,0,1
2022-12-19,570.47,220.22,9.5,10191.41,3199.11,0,0
2022-12-20,584.77,298.84,12.1,10147.11,2900.27,0,0
2022-12-21,582.19,268.32,11.3,10097.21,2631.95,0,0
2022-12-22,583.88,275.17,11.1,10037.85,2356.78,0,0
2022-12-23,582.0,696.4778976759585,11.4,10002.51,2061.4,0,0
2022-12-24,462.94,192.78,8.0,10115.17,1868.62,0,1
2022-12-25,320.33,152.16,7.8,10161.19,4716.47,1,1
2022-12-26,591.15,296.81,11.0,10116.58,4419.66,0,0
2022-12-27,595.38,296.77,9.8,10156.02,4122.88,0,0
2022-12-28,1489.8391126969905,250.11,8.3,10215.79,3872.77,0,0
2022-12-29,552.4,258.7,13.1,10232.56,3614.07,0,0
2022-12-30,567.43,237.39,12.4,10259.34,3376.69,0,0
2022-12-31,482.63,207.11,5.0,10361.98,3169.58,0,1
2023-01-01,494.84,210.97,12.0,10311.82,2958.61,0,1
2023-01-02,563.79,254.02,11.0,10362.45,2704.59,0,0
2023-01-03,562.46,256.98,7.6,10356.18,2447.61,0,0
2023-01-04,558.79,267.22,14.2,10423.88,2180.39,0,0
2023-01-05,549.3,264.1,11.2,10420.17,1916.29,0,0
2023-01-06,580.35,264.0,7.2,10468.87,4652.29,0,0
2023-01-07,480.57,238.14,13.2,10476.75,4414.15,0,1
2023-01-08,512.46,224.15,8.3,10495.18,,0,1
2023-01-09,581.78,259.33,5.9,10537.22,3930.67,0,0
2023-01-10,596.84,240.92,11.6,10532.01,3689.75,0,0
2023-01-11,557.8,246.56,14.5,10519.03,3443.18,0,0
2023-01-12,570.81,284.25,5.0,10611.53,3158.93,0,0
2023-01-13,590.93,250.91,9.7,10552.98,2908.02,0,0
2023-01-14,476.25,219.19,5.0,10616.3,2688.83,0,1
2023-01-15,482.65,227.46,13.0,10638.92,2461.37,0,1
2023-01-16,552.42,239.81,6.4,10665.92,2221.56,0,0
2023-01-17,621.76,272.38,6.6,10672.36,1949.19,0,0
2023-01-18,595.38,252.29,8.5,10668.97,4696.9,0,0
2023-01-19,548.31,254.8,15.2,10664.45,4442.1,0,0
2023-01-20,569.6,716.6555886864485,11.1,10600.72,4175.11,0,0
2023-01-21,495.66,239.24,9.0,10529.6,3935.87,0,1
2023-01-22,499.28,218.27,9.0,10482.69,3717.6,0,1
2023-01-23,589.5,256.26,13.2,10543.63,3461.33,0,0
2023-01-24,585.59,243.04,9.3,10524.45,3218.3,0,0
2023-01-25,577.05,276.15,12.9,10523.76,2942.15,0,0
2023-01-26,390.0,189.36,10.4,10491.87,2752.78,1,0
2023-01-27,570.88,256.04,9.5,10512.14,2496.74,0,0
2023-01-28,489.25,233.3,14.1,10551.92,2263.44,0,1
2023-01-29,473.22,221.87,13.9,10589.95,2041.57,0,1
2023-01-30,575.54,275.63,9.2,10680.17,1765.94,0,0
2023-01-31,583.05,275.11,7.9,10694.33,4490.83,0,0
2023-02-01,550.11,229.84,15.0,10648.67,4260.99,0,0
2023-02-02,558.66,236.59,8.0,10671.09,4024.41,0,0
2023-02-03,563.24,271.15,7.1,10661.46,3753.25,0,0
2023-02-04,498.03,220.07,13.2,10670.23,3533.18,0,1
2023-02-05,480.21,198.04,12.9,10732.24,3335.14,0,1
2023-02-06,1291.2358960808076,254.42,13.2,10710.1,3080.72,0,0
2023-02-07,580.88,295.68,6.7,10813.73,2785.04,0,0
2023-02-08,576.04,662.6292256008605,10.4,10908.25,2539.52,0,0
2023-02-09,565.51,251.86,10.7,10883.84,2287.66,0,0
2023-02-10,546.82,245.13,14.4,10842.7,2042.53,0,0
2023-02-11,495.96,236.82,12.7,10801.16,1805.71,0,1
2023-02-12,493.83,221.47,13.3,10738.61,4584.24,0,1
2023-02-13,564.68,234.36,11.1,10751.16,4349.88,0,0
2023-02-14,549.88,254.32,12.1,10706.48,4095.56,0,0
2023-02-15,552.37,258.18,15.9,10741.63,3837.38,0,0
2023-02-16,561.36,236.14,13.3,10769.16,3601.25,0,0
2023-02-17,569.48,244.05,15.7,10768.1,3357.2,0,0
2023-02-18,461.84,192.51,19.2,10766.16,3164.69,0,1
2023-02-19,451.3,199.41,8.8,10706.86,2965.28,0,1
2023-02-20,541.75,216.74,15.2,10788.95,2748.55,0,0
2023-02-21,558.36,250.78,,10844.43,2497.77,0,0
2023-02-22,553.46,252.21,14.4,10850.4,2245.56,0,0
2023-02-23,563.66,285.57,14.4,10808.87,1959.99,0,0
2023-02-24,562.27,257.68,15.4,10943.98,4702.31,0,0
2023-02-25,1801.3761875738826,205.77,14.8,10942.71,4496.55,0,1
2023-02-26,435.24,191.61,18.9,10939.73,4304.94,0,1
2023-02-27,510.9,234.31,14.1,10867.88,4070.63,0,0
2023-02-28,516.12,228.64,15.7,10876.34,3841.99,0,0
2023-03-01,541.6,266.42,16.9,10925.01,3575.56,0,0
2023-03-02,497.39,247.4,14.7,10874.32,3328.16,0,0
2023-03-03,522.63,243.0,16.5,10895.76,3085.16,0,0
2023-03-04,462.6,203.62,19.1,10970.02,2881.55,0,1
2023-03-05,448.34,235.51,13.4,11018.33,2646.03,0,1
2023-03-06,476.95,224.52,14.9,11025.0,2421.51,0,0
2023-03-07,527.48,214.83,17.6,11016.5,2206.68,0,0
2023-03-08,370.66,154.65,18.7,11048.61,2052.03,1,0
2023-03-09,533.34,265.87,16.3,,1786.16,0,0
2023-03-10,535.78,258.21,16.1,10994.18,4527.95,0,0
2023-03-11,460.63,188.63,17.8,10913.44,4339.32,0,1
2023-03-12,455.1,202.82,17.6,10937.67,4136.49,0,1
2023-03-13,550.6,236.0,14.9,10940.77,3900.49,0,0
2023-03-14,533.26,248.01,19.8,10992.24,3652.49,0,0
2023-03-15,519.39,227.15,15.1,11011.68,3425.33,0,0
2023-03-16,515.88,220.47,15.9,10974.71,3204.86,0,0
2023-03-17,540.1,285.74,16.7,11041.12,2919.13,0,0
2023-03-18,468.42,234.83,22.0,10967.48,2684.3,0,1
2023-03-19,435.01,167.15,18.0,10971.16,2517.15,0,1
2023-03-20,518.8,238.97,18.4,10873.74,2278.18,0,0
2023-03-21,531.76,242.33,19.1,10885.97,2035.85,0,0
2023-03-22,533.94,251.27,18.6,10885.14,1784.57,0,0
2023-03-23,522.61,239.52,17.8,10939.88,4545.05,0,0
2023-03-24,528.63,239.23,20.5,10943.06,4305.82,0,0
2023-03-25,315.36,147.28,18.8,10977.24,4158.54,1,1
2023-03-26,453.85,187.46,22.0,10906.5,3971.08,0,1
2023-03-27,541.95,219.21,22.5,10962.22,3751.88,0,0
2023-03-28,550.25,207.09,24.1,10976.56,3544.78,0,0
2023-03-29,558.58,224.05,22.7,11016.54,3320.73,0,0
2023-03-30,559.38,227.66,22.5,11014.95,3093.08,0,0
2023-03-31,527.29,223.84,19.6,11026.81,2869.24,0,0
2023-04-01,466.52,223.49,21.2,11025.91,2645.74,0,1
2023-04-02,446.69,195.11,24.3,11065.79,2450.64,0,1
2023-04-03,537.89,233.98,24.6,11080.64,2216.66,0,0
2023-04-04,560.47,250.4,23.8,11114.32,1966.26,0,0
2023-04-05,551.9,256.51,22.2,11091.69,4709.75,0,0
2023-04-06,527.08,272.6,28.6,11175.46,4437.15,0,0
2023-04-07,588.41,283.33,25.5,11165.02,4153.82,0,0
2023-04-08,480.79,232.47,26.2,11188.5,,0,1
2023-04-09,507.46,199.76,28.7,11183.04,3721.58,0,1
2023-04-10,573.84,257.34,23.3,11171.91,3464.24,0,0
2023-04-11,537.33,238.13,20.5,11244.75,3226.12,0,0
2023-04-12,554.91,261.11,27.4,11199.15,2965.01,0,0
2023-04-13,568.14,278.6,21.2,11085.04,2686.41,0,0
2023-04-14,396.95,167.69,25.1,11074.72,2518.72,1,0
2023-04-15,469.71,197.38,26.0,10994.16,2321.33,0,1
2023-04-16,467.19,184.65,26.3,11031.51,2136.68,0,1
2023-04-17,592.12,,26.6,11069.48,1887.79,0,0
2023-04-18,585.1,271.7,28.2,11109.13,4616.09,0,0
2023-04-19,567.38,253.05,29.9,11140.27,4363.04,0,0
2023-04-20,570.75,262.13,28.2,11144.31,4100.91,0,0
2023-04-21,561.05,241.61,31.7,11204.93,3859.29,0,0
2023-04-22,474.24,221.74,32.2,11220.17,3637.56,0,1
2023-04-23,489.65,219.36,28.3,11239.04,3418.2,0,1
2023-04-24,1470.124187462356,255.67,28.3,11302.25,3162.53,0,0
2023-04-25,596.91,295.92,26.7,11334.36,2866.61,0,0
2023-04-26,551.6,248.74,30.2,11351.95,2617.87,0,0
2023-04-27,586.98,247.73,29.7,,2370.14,0,0
2023-04-28,593.33,259.14,31.2,11369.43,2111.0,0,0
2023-04-29,499.48,243.84,31.6,11328.72,1867.16,0,1
2023-04-30,504.13,232.74,31.9,11278.84,4634.42,0,1
2023-05-01,436.41,202.44,30.4,11219.6,4431.98,1,0
2023-05-02,,282.36,28.0,11282.41,4149.62,0,0
2023-05-03,611.15,274.29,29.7,11272.91,3875.33,0,0
2023-05-04,587.36,277.41,27.8,11333.21,3597.91,0,0
2023-05-05,615.27,302.46,31.8,11287.79,3295.45,0,0
2023-05-06,489.24,204.47,34.2,11173.54,3090.98,0,1
2023-05-07,506.61,235.48,30.5,11169.98,2855.5,0,1
2023-05-08,616.31,275.14,34.1,11257.23,2580.36,0,0
2023-05-09,614.07,262.59,36.2,11260.56,2317.77,0,0
2023-05-10,629.07,275.87,31.5,11353.68,2041.9,0,0
2023-05-11,605.99,291.85,34.8,11283.54,1750.06,0,0
2023-05-12,589.6,278.65,35.3,11240.4,4471.4,0,0
2023-05-13,538.21,261.48,34.7,11278.67,4209.92,0,1
2023-05-14,540.31,252.28,33.8,11312.41,3957.64,0,1
2023-05-15,609.05,280.43,33.9,11279.56,3677.21,0,0
2023-05-16,616.13,302.47,30.9,11306.83,3374.74,0,0
2023-05-17,608.71,269.43,35.9,11345.08,3105.31,0,0
2023-05-18,598.44,278.42,34.1,11325.09,2826.88,0,0
2023-05-19,594.18,281.63,34.6,11311.8,2545.25,0,0
2023-05-20,497.8,196.69,34.5,11308.27,2348.56,0,1
2023-05-21,528.63,243.12,37.0,11398.21,2105.44,0,1
2023-05-22,585.75,239.93,34.2,11372.69,1865.51,0,0
2023-05-23,629.87,278.32,36.8,11385.84,4587.18,0,0
2023-05-24,632.37,260.72,39.2,11415.4,4326.46,0,0
2023-05-25,620.68,285.93,36.4,11517.63,4040.53,0,0
2023-05-26,627.34,329.49,34.3,11468.81,3711.04,0,0
2023-05-27,539.05,221.02,36.4,11563.73,3490.02,0,1
2023-05-28,517.8,253.67,32.9,11637.07,3236.35,0,1
2023-05-29,607.86,254.6,33.9,11621.65,2981.75,0,0
2023-05-30,610.79,265.39,35.4,11703.16,2716.36,0,0
2023-05-31,633.48,280.19,34.3,11688.4,2436.17,0,0
2023-06-01,623.36,272.2,33.7,11683.86,2163.97,0,0
2023-06-02,624.13,277.6,31.8,11736.87,1886.37,0,0
2023-06-03,511.28,223.37,37.2,11759.26,4663.0,0,1
2023-06-04,520.16,243.67,40.3,11774.04,4419.33,0,1
2023-06-05,627.5,299.25,38.9,11835.24,4120.09,0,0
2023-06-06,611.25,269.46,37.7,11891.33,3850.63,0,0
2023-06-07,626.48,265.2,35.1,11759.11,3585.43,0,0
2023-06-08,596.07,263.18,40.0,11767.41,3322.24,0,0
2023-06-09,610.72,274.85,38.3,11871.0,3047.39,0,0
2023-06-10,515.52,236.35,34.8,11895.87,2811.04,0,1
2023-06-11,506.89,192.08,40.0,11841.22,2618.96,0,1
2023-06-12,619.69,260.18,37.5,11822.1,2358.78,0,0
2023-06-13,600.84,285.28,39.9,11843.44,2073.5,0,0
2023-06-14,613.79,278.92,41.1,11835.09,1794.57,0,0
2023-06-15,607.97,261.71,39.5,11833.61,4532.86,0,0
2023-06-16,609.38,301.82,40.3,11819.55,4231.04,0,0
2023-06-17,499.59,232.61,35.8,11747.25,3998.44,0,1
2023-06-18,495.25,222.55,37.0,11757.63,3775.88,0,1
2023-06-19,593.58,274.32,40.2,11744.3,3501.56,0,0
2023-06-20,624.86,272.54,36.2,11707.79,3229.02,0,0
2023-06-21,584.06,253.27,36.3,11719.59,2975.76,0,0
2023-06-22,592.03,280.43,43.0,11749.88,2695.33,0,0
2023-06-23,598.0,277.08,40.6,11729.33,2418.25,0,0
2023-06-24,537.34,227.45,44.0,11731.23,2190.8,0,1
2023-06-25,485.14,217.28,37.9,11631.65,1973.53,0,1
2023-06-26,603.0,259.68,36.4,11655.24,4713.85,0,0
2023-06-27,597.63,298.53,44.5,11710.56,4415.32,0,0
2023-06-28,575.64,263.51,38.0,11656.43,4151.81,0,0
2023-06-29,636.79,257.32,38.0,11655.22,,0,0
2023-06-30,610.14,285.44,38.6,11517.97,3609.05,0,0
2023-07-01,505.13,231.78,40.1,11565.52,3377.27,0,1
2023-07-02,481.05,220.98,42.8,11507.05,3156.29,0,1
2023-07-03,578.18,246.24,38.9,11506.13,2910.05,0,0
2023-07-04,563.63,263.71,39.9,11512.47,2646.34,0,0
2023-07-05,588.71,257.83,44.2,11549.36,2388.52,0,0
2023-07-06,582.02,244.13,41.3,11557.09,2144.39,0,0
2023-07-07,1120.2066111402069,257.6,39.7,11550.19,1886.78,0,0
2023-07-08,497.22,223.64,40.5,11503.05,4663.14,0,1
2023-07-09,474.07,190.42,39.5,11423.27,4472.72,0,1
2023-07-10,570.33,265.7,42.0,11417.85,4207.01,0,0
2023-07-11,551.2,235.99,43.9,11489.89,3971.02,0,0
2023-07-12,571.97,275.47,41.7,11505.99,3695.55,0,0
2023-07-13,552.7,240.63,36.7,11562.03,3454.92,0,0
2023-07-14,579.75,243.78,42.2,11472.04,3211.14,0,0
2023-07-15,471.04,202.7,41.8,11528.69,3008.44,0,1
2023-07-16,492.84,237.31,41.2,11523.06,2771.13,0,1
2023-07-17,578.1,228.95,42.8,11460.94,2542.18,0,0
2023-07-18,560.93,254.14,41.1,11459.84,2288.03,0,0
2023-07-19,558.72,244.71,39.6,11501.93,2043.32,0,0
2023-07-20,520.72,233.91,38.3,11413.16,1809.41,0,0
2023-07-21,547.15,244.91,38.4,11439.8,4564.5,0,0
2023-07-22,432.01,189.52,39.4,11424.55,4374.98,0,1
2023-07-23,,248.68,38.9,11377.68,4126.3,0,1
2023-07-24,532.05,254.27,35.4,11335.57,3872.03,0,0
2023-07-25,523.57,238.06,37.8,11247.7,3633.97,0,0
2023-07-26,556.99,236.47,38.7,11208.95,3397.5,0,0
2023-07-27,542.07,216.72,42.5,11096.54,3180.78,0,0
2023-07-28,548.4,268.44,37.1,11111.9,2912.34,0,0
2023-07-29,457.42,220.9,37.1,11133.8,2691.44,0,1
2023-07-30,438.59,184.11,37.6,11042.62,2507.34,0,1
2023-07-31,527.31,271.39,35.9,10976.92,2235.95,0,0
2023-08-01,517.24,216.96,40.2,11002.85,2018.99,0,0
2023-08-02,517.29,217.31,36.6,11015.75,1801.68,0,0
2023-08-03,522.15,228.14,40.6,11012.6,4573.53,0,0
2023-08-04,528.96,226.95,44.1,10984.15,4346.58,0,0
2023-08-05,446.35,,40.8,10984.67,4157.53,0,1
2023-08-06,448.81,221.91,40.1,10915.7,3935.62,0,1
2023-08-07,541.61,224.1,39.2,10901.76,3711.52,0,0
2023-08-08,521.59,254.74,39.3,10878.67,3456.78,0,0
2023-08-09,522.48,233.5,33.9,,3223.28,0,0
2023-08-10,497.26,231.05,35.9,10930.23,2992.23,0,0
2023-08-11,530.12,795.8886745342288,37.0,10875.66,2776.21,0,0
2023-08-12,439.02,204.38,39.3,10882.93,2571.83,0,1
2023-08-13,428.21,183.76,34.6,10953.49,2388.07,0,1
2023-08-14,539.44,267.6,38.7,11040.73,2120.47,0,0
2023-08-15,356.0,189.03,38.2,10989.13,1931.44,1,0
2023-08-16,524.07,221.21,36.1,10969.8,4710.23,0,0
2023-08-17,511.42,234.47,35.7,10933.63,4475.76,0,0
2023-08-18,509.45,235.42,34.6,10887.89,4240.34,0,0
2023-08-19,301.13,151.85,36.0,10866.26,4088.49,1,1
2023-08-20,439.12,191.8,33.3,10803.27,3896.7,0,1
2023-08-21,513.35,250.91,33.4,10747.11,3645.79,0,0
2023-08-22,519.77,237.32,,10647.41,3408.47,0,0
2023-08-23,489.24,207.93,,10659.02,3200.54,0,0
2023-08-24,504.45,229.94,37.2,10680.62,2970.6,0,0
2023-08-25,514.16,230.33,38.7,10628.33,2740.27,0,0
2023-08-26,428.41,215.63,32.5,10669.28,2524.64,0,1
2023-08-27,433.49,177.7,38.5,10709.05,2346.94,0,1
2023-08-28,522.48,250.05,32.4,10648.59,2096.89,0,0
2023-08-29,523.4,245.64,29.6,10593.4,1851.25,0,0
2023-08-30,519.93,213.21,39.4,10581.63,4638.04,0,0
2023-08-31,520.0,256.2,33.3,10631.71,4381.85,0,0
2023-09-01,514.69,251.53,33.0,10694.35,4130.32,0,0
2023-09-02,426.86,178.43,32.0,10799.4,3951.89,0,1
2023-09-03,458.59,230.79,35.5,10749.75,3721.09,0,1
2023-09-04,1194.320501865054,230.98,31.2,10764.73,3490.11,0,0
2023-09-05,504.71,219.64,29.5,10796.3,3270.46,0,0
2023-09-06,501.16,221.64,37.7,10834.19,3048.83,0,0
2023-09-07,358.31,132.47,29.3,10862.15,2916.36,1,0
2023-09-08,515.68,225.45,32.5,10920.93,2690.9,0,0
2023-09-09,405.78,180.65,32.9,10960.31,2510.25,0,1
2023-09-10,445.49,198.93,29.0,10983.63,2311.32,0,1
2023-09-11,509.57,240.31,34.2,10982.45,2071.01,0,0
2023-09-12,500.8,214.92,32.2,11008.63,1856.09,0,0
2023-09-13,537.93,230.2,32.5,11005.85,4625.89,0,0
2023-09-14,494.15,,32.4,10996.1,4390.58,0,0
2023-09-15,505.88,233.08,31.4,10926.82,4157.51,0,0
2023-09-16,417.91,204.92,35.0,10953.74,3952.59,0,1
2023-09-17,427.84,195.59,29.6,10879.84,3757.01,0,1
2023-09-18,522.65,221.23,30.5,10932.65,3535.78,0,0
2023-09-19,524.17,226.45,30.9,10918.86,3309.33,0,0
2023-09-20,524.11,258.85,28.7,10789.42,3050.48,0,0
2023-09-21,497.36,257.67,26.4,10771.55,2792.8,0,0
2023-09-22,492.8,234.51,32.1,10808.08,2558.29,0,0
2023-09-23,438.04,190.64,27.8,10815.93,2367.65,0,1
2023-09-24,430.79,191.62,29.4,10870.26,2176.04,0,1
2023-09-25,515.09,238.09,27.1,10792.78,1937.94,0,0
2023-09-26,493.45,224.97,29.4,10701.23,4712.97,0,0
2023-09-27,495.98,212.35,23.8,10681.4,4500.63,0,0
2023-09-28,522.44,204.61,23.6,10775.85,4296.01,0,0
2023-09-29,,254.3,27.4,10817.61,4041.71,0,0
2023-09-30,433.29,200.91,28.9,10880.47,3840.81,0,1
2023-10-01,433.93,198.29,25.9,10907.24,3642.52,0,1
2023-10-02,385.85,155.7,30.8,10900.69,3486.82,1,0
2023-10-03,1213.703932160018,253.51,29.4,10965.25,3233.31,0,0
2023-10-04,507.84,201.96,27.1,11000.33,3031.35,0,0
2023-10-05,503.09,228.4,28.3,10914.61,2802.96,0,0
2023-10-06,487.69,228.23,26.2,10990.81,2574.72,0,0
2023-10-07,438.07,196.69,31.2,11005.03,2378.03,0,1
2023-10-08,428.77,188.85,27.7,10960.11,2189.18,0,1
2023-10-09,521.44,227.31,23.7,10965.17,1961.87,0,0
2023-10-10,519.13,246.17,27.1,10933.95,4715.7,0,0
2023-10-11,496.31,201.96,27.7,10930.24,4513.74,0,0
2023-10-12,516.7,270.96,23.1,11026.85,4242.79,0,0
2023-10-13,508.48,230.35,25.0,11071.07,4012.44,0,0
2023-10-14,412.88,189.16,22.7,11017.55,3823.28,0,1
2023-10-15,285.66,126.88,24.5,11018.81,3696.39,1,1
2023-10-16,490.16,230.65,22.7,11000.56,3465.75,0,0
2023-10-17,517.83,221.86,22.5,10985.04,3243.89,0,0
2023-10-18,514.01,211.32,27.0,11072.57,3032.57,0,0
2023-10-19,505.36,209.53,27.0,11076.23,2823.04,0,0
2023-10-20,525.22,236.95,20.7,11108.57,2586.08,0,0
2023-10-21,437.17,178.51,22.9,11092.49,2407.57,0,1
2023-10-22,443.81,208.01,21.1,11150.4,2199.56,0,1
2023-10-23,523.56,233.33,21.0,11182.17,1966.23,0,0
2023-10-24,375.5,168.61,20.2,11182.98,4797.62,1,0
2023-10-25,532.21,199.97,23.5,11133.19,4597.65,0,0
2023-10-26,557.58,280.07,21.0,11147.67,4317.57,0,0
2023-10-27,533.89,244.51,22.7,11206.34,4073.07,0,0
2023-10-28,431.43,191.36,16.8,11276.64,3881.71,0,1
2023-10-29,,,15.7,11330.05,3669.09,0,1
2023-10-30,1787.5411774029242,237.16,22.6,11326.63,3431.92,0,0
2023-10-31,520.49,606.5124256164277,18.1,11287.46,3195.81,0,0
2023-11-01,343.16,144.76,17.7,11340.05,3051.06,1,0
2023-11-02,529.49,229.92,19.6,11226.22,2821.13,0,0
2023-11-03,534.74,248.37,20.9,11216.33,2572.76,0,0
2023-11-04,463.16,202.61,16.7,11193.09,2370.15,0,1
2023-11-05,466.13,212.27,22.7,11233.26,2157.88,0,1
2023-11-06,520.25,250.67,21.1,11158.86,1907.21,0,0
2023-11-07,491.8,208.41,18.5,11139.01,4698.8,0,0
2023-11-08,559.97,279.23,19.8,11113.47,4419.57,0,0
2023-11-09,513.04,234.31,14.6,11109.86,4185.26,0,0
2023-11-10,546.54,206.57,14.3,11105.4,3978.69,0,0
2023-11-11,501.4,219.95,13.3,11138.51,3758.74,0,1
2023-11-12,476.88,188.34,14.5,11175.88,3570.4,0,1
2023-11-13,528.55,235.07,20.6,11136.23,3335.33,0,0
2023-11-14,535.52,235.55,15.6,11107.73,3099.79,0,0
2023-11-15,395.06,174.0,14.6,11125.22,2925.78,1,0
2023-11-16,531.18,248.45,20.4,11168.23,2677.34,0,0
2023-11-17,549.01,254.99,13.7,11133.81,2422.34,0,0
2023-11-18,447.63,220.54,11.4,11118.01,2201.8,0,1
2023-11-19,498.67,235.49,17.1,11081.65,1966.31,0,1
2023-11-20,544.54,279.63,14.1,11181.23,4686.68,0,0
2023-11-21,568.58,282.33,16.0,11185.0,4404.36,0,0
2023-11-22,545.84,225.19,16.0,11215.08,4179.17,0,0
2023-11-23,537.32,236.7,14.9,11189.34,3942.47,0,0
2023-11-24,563.45,275.06,11.3,11188.36,3667.42,0,0
2023-11-25,470.12,214.87,18.0,11174.66,3452.54,0,1
2023-11-26,453.69,216.7,12.8,11093.16,3235.85,0,1
2023-11-27,559.52,256.13,15.3,11040.92,,0,0
2023-11-28,582.51,274.2,14.0,11074.11,2705.51,0,0
2023-11-29,598.61,280.9,14.0,11061.26,2424.61,0,0
2023-11-30,564.4,237.1,17.2,11041.51,2187.51,0,0
2023-12-01,609.26,269.01,11.8,11059.51,1918.5,0,0
2023-12-02,501.07,229.88,8.5,11047.0,4688.62,0,1
2023-12-03,467.8,193.39,9.3,10942.06,4495.23,0,1
2023-12-04,558.82,231.63,17.6,10921.4,4263.61,0,0
2023-12-05,570.57,246.87,12.9,10856.61,4016.73,0,0
2023-12-06,579.36,238.4,17.0,10899.99,3778.33,0,0
2023-12-07,612.09,258.52,13.3,11009.12,3519.82,0,0
2023-12-08,1399.737936700864,252.29,14.0,11010.78,3267.52,0,0
2023-12-09,475.66,206.9,11.5,11121.23,3060.62,0,1
2023-12-10,495.42,762.1890849058734,13.4,11183.25,2842.21,0,1
2023-12-11,562.64,259.09,11.6,11272.38,2583.12,0,0
2023-12-12,576.62,255.06,14.6,11287.18,2328.06,0,0
2023-12-13,584.36,289.94,12.2,11324.72,2038.13,0,0
2023-12-14,592.34,275.29,11.0,11275.35,1762.83,0,0
2023-12-15,575.5,275.85,10.6,11231.34,4486.99,0,0
2023-12-16,497.32,232.56,10.0,11255.17,4254.43,0,1
2023-12-17,503.05,204.26,11.0,11171.39,4050.17,0,1
2023-12-18,553.62,241.25,10.4,11173.2,3808.92,0,0
2023-12-19,588.59,259.72,10.7,11117.1,3549.2,0,0
2023-12-20,574.7,264.06,11.5,11077.66,3285.14,0,0
2023-12-21,567.12,263.27,15.7,11034.58,3021.87,0,0
2023-12-22,584.81,279.83,6.2,11096.36,2742.04,0,0
2023-12-23,473.58,205.75,9.0,10988.53,2536.29,0,1
2023-12-24,478.18,576.8813244576639,13.5,11044.59,2320.92,0,1
2023-12-25,405.96,579.7844335092414,10.2,11144.13,2151.92,1,0
2023-12-26,585.17,289.14,13.4,11131.59,1862.78,0,0
2023-12-27,570.48,241.38,12.3,11195.88,4621.4,0,0
2023-12-28,567.94,238.45,11.0,11181.45,4382.95,0,0
2023-12-29,559.25,288.16,6.9,11199.07,4094.79,0,0
2023-12-30,475.51,225.39,6.5,11192.99,3869.4,0,1
2023-12-31,477.24,205.4,5.2,11187.43,3664.0,0,1
2024-01-01,595.55,285.33,11.5,11070.62,3378.67,0,0
2024-01-02,543.38,246.8,9.8,11045.22,3131.87,0,0
2024-01-03,580.04,259.0,5.6,11071.76,2872.87,0,0
2024-01-04,574.22,231.32,5.6,11122.21,2641.55,0,0
2024-01-05,552.63,236.6,8.8,11055.49,2404.95,0,0
2024-01-06,479.12,219.98,10.2,11089.03,2184.98,0,1
2024-01-07,500.46,207.95,11.0,11138.68,1977.03,0,1
2024-01-08,582.87,273.75,7.5,11103.49,4703.28,0,0
2024-01-09,591.6,271.38,7.0,11159.67,4431.9,0,0
2024-01-10,574.72,274.98,8.2,11223.69,4156.92,0,0
2024-01-11,579.15,258.23,5.0,11251.04,3898.69,0,0
2024-01-12,583.37,266.31,7.1,11234.08,3632.38,0,0
2024-01-13,517.86,222.85,8.7,11312.84,3409.53,0,1
2024-01-14,500.0,220.5,7.0,11412.73,3189.03,0,1
2024-01-15,605.56,291.3,9.4,11443.74,2897.72,0,0
2024-01-16,584.31,285.01,12.6,11442.01,2612.71,0,0
2024-01-17,582.86,267.86,10.6,11507.44,2344.85,0,0
2024-01-18,598.89,242.62,12.0,11567.39,2102.23,0,0
2024-01-19,573.76,256.9,12.1,11534.76,1845.33,0,0
2024-01-20,481.18,,9.3,11386.59,4627.38,0,1
2024-01-21,504.68,238.27,8.2,11379.0,4389.11,0,1
2024-01-22,569.95,248.82,7.8,11303.14,4140.29,0,0
2024-01-23,570.96,221.87,9.5,11305.92,3918.42,0,0
2024-01-24,568.01,260.43,13.2,11367.68,3657.99,0,0
2024-01-25,586.83,225.84,10.3,11375.76,3432.16,0,0
2024-01-26,403.47,174.66,7.5,11324.47,3257.5,1,0
2024-01-27,493.38,222.77,11.8,11348.32,3034.73,0,1
2024-01-28,496.52,232.44,14.2,11405.34,2802.29,0,1
2024-01-29,573.97,225.75,9.8,11387.16,2576.54,0,0
2024-01-30,561.87,250.59,10.5,11380.02,2325.95,0,0
2024-01-31,560.38,264.94,10.7,11476.89,2061.02,0,0
2024-02-01,,266.16,12.3,11514.27,1794.86,0,0
2024-02-02,543.77,233.6,8.0,11543.97,4561.26,0,0
2024-02-03,471.82,220.64,12.9,11570.19,4340.62,0,1
2024-02-04,478.91,195.59,10.0,11599.33,4145.03,0,1
2024-02-05,584.05,279.55,14.2,11630.72,3865.49,0,0
2024-02-06,1243.5842494638098,286.23,7.0,11662.14,3579.26,0,0
2024-02-07,590.03,271.99,10.5,11650.73,3307.27,0,0
2024-02-08,572.55,260.63,10.3,11672.47,3046.64,0,0
2024-02-09,561.56,285.19,12.1,11806.13,2761.45,0,0
2024-02-10,474.73,243.06,12.4,11785.63,2518.38,0,1
2024-02-11,480.38,230.22,13.3,11739.91,2288.16,0,1
2024-02-12,537.55,248.49,16.0,11667.69,2039.68,0,0
2024-02-13,543.62,248.06,11.9,11734.09,1791.61,0,0
2024-02-14,549.27,253.11,12.3,11701.0,4538.5,0,0
2024-02-15,578.98,294.73,15.7,11686.87,4243.77,0,0
2024-02-16,542.05,264.12,15.5,11700.27,3979.65,0,0
2024-02-17,465.44,215.07,10.7,11767.06,3764.58,0,1
2024-02-18,470.54,221.17,15.5,11701.77,3543.4,0,1
2024-02-19,564.02,277.64,12.7,11714.72,3265.77,0,0
2024-02-20,534.18,,17.8,11817.96,3031.52,0,0
2024-02-21,562.46,254.43,18.0,11826.82,2777.09,0,0
2024-02-22,548.97,237.25,15.1,11904.68,2539.83,0,0
2024-02-23,536.31,240.94,14.5,11878.89,2298.89,0,0
2024-02-24,435.47,209.97,11.3,11843.57,2088.92,0,1
2024-02-25,459.83,214.85,11.9,11841.03,1874.07,0,1
2024-02-26,535.21,237.76,15.2,11867.28,4636.31,0,0
2024-02-27,531.58,227.54,15.7,11804.17,4408.77,0,0
2024-02-28,507.18,209.48,14.1,11734.82,4199.29,0,0
2024-02-29,521.17,246.38,15.7,11698.67,3952.91,0,0
2024-03-01,553.03,,12.2,11684.27,3696.68,0,0
2024-03-02,467.38,195.23,14.8,11676.48,3501.45,0,1
2024-03-03,449.11,208.36,16.0,11706.46,3293.09,0,1
2024-03-04,532.85,251.13,15.8,11763.03,3041.96,0,0
2024-03-05,520.32,238.87,15.8,11712.34,2803.09,0,0
2024-03-06,550.9,247.85,10.5,11716.06,2555.24,0,0
2024-03-07,524.29,238.78,,11720.26,2316.46,0,0
2024-03-08,372.44,179.15,17.3,11667.12,2137.31,1,0
2024-03-09,426.6,195.58,18.2,11738.51,1941.72,0,1
2024-03-10,447.16,214.35,19.3,11719.52,4727.38,0,1
2024-03-11,548.95,266.19,15.7,11794.33,4461.19,0,0
2024-03-12,541.29,217.4,19.2,11762.84,4243.79,0,0
2024-03-13,537.11,249.69,17.0,11773.64,3994.1,0,0
2024-03-14,562.33,274.04,21.1,11701.63,3720.07,0,0
2024-03-15,530.34,231.49,17.1,11785.82,3488.58,0,0
2024-03-16,467.53,215.57,15.6,11796.17,3273.01,0,1
2024-03-17,453.74,182.07,20.5,11887.91,3090.94,0,1
2024-03-18,531.49,235.75,22.8,11925.78,2855.19,0,0
2024-03-19,525.89,221.32,17.8,11956.63,2633.88,0,0
2024-03-20,523.78,266.3,20.8,11883.36,2367.58,0,0
2024-03-21,527.26,267.98,22.4,11895.62,2099.61,0,0
2024-03-22,562.6,251.06,19.5,11838.08,1848.55,0,0
2024-03-23,453.63,213.38,20.2,11798.52,4635.16,0,1
2024-03-24,444.58,190.9,21.4,11823.08,4444.27,0,1
2024-03-25,365.69,178.74,25.5,11676.29,4265.52,1,0
2024-03-26,541.69,248.45,23.4,11718.76,4017.07,0,0
2024-03-27,526.36,240.97,24.8,11726.03,3776.1,0,0
2024-03-28,546.84,243.48,24.2,11656.38,3532.62,0,0
2024-03-29,552.93,264.7,25.4,11560.28,3267.92,0,0
2024-03-30,469.37,208.91,23.1,11641.01,3059.01,0,1
2024-03-31,466.06,231.3,27.3,11712.94,2827.71,0,1
2024-04-01,537.96,223.88,24.0,11638.51,2603.83,0,0
2024-04-02,555.05,250.53,23.6,11655.54,2353.3,0,0
2024-04-03,557.05,257.24,23.4,11740.39,2096.06,0,0
2024-04-04,545.16,243.31,25.7,11791.33,1852.75,0,0
2024-04-05,555.26,257.59,26.2,11848.6,4595.16,0,0
2024-04-06,467.26,205.39,27.5,11816.09,4389.78,0,1
2024-04-07,482.41,215.88,24.6,11786.07,4173.9,0,1
2024-04-08,552.55,228.24,28.3,11851.05,3945.66,0,0
2024-04-09,578.95,272.0,23.9,11804.13,3673.66,0,0
2024-04-10,564.59,239.97,26.5,11808.5,3433.69,0,0
2024-04-11,562.68,257.53,25.5,11773.92,3176.16,0,0
2024-04-12,576.9,247.16,25.3,11765.84,2928.99,0,0
2024-04-13,457.91,217.71,26.1,11761.73,2711.29,0,1
2024-04-14,365.04,161.17,28.8,11850.03,2550.12,1,1
2024-04-15,571.46,229.68,22.7,11856.46,2320.45,0,0
2024-04-16,568.7,254.71,22.3,11822.72,2065.74,0,0
2024-04-17,558.92,235.51,28.5,11869.41,1830.23,0,0
2024-04-18,574.7,247.41,24.4,11872.73,4582.82,0,0
2024-04-19,577.97,263.01,31.9,11934.79,4319.81,0,0
2024-04-20,496.37,234.33,25.6,11978.33,4085.49,0,1
2024-04-21,502.37,243.32,28.9,12037.06,3842.16,0,1
2024-04-22,589.7,251.03,25.2,12026.05,3591.13,0,0
2024-04-23,567.72,221.71,,11981.03,3369.42,0,0
2024-04-24,586.49,255.05,29.6,11942.08,3114.36,0,0
2024-04-25,570.16,274.28,30.7,11988.05,2840.08,0,0
2024-04-26,602.29,267.84,32.9,12071.95,2572.25,0,0
2024-04-27,525.6,227.32,26.7,12056.58,2344.92,0,1
2024-04-28,497.9,221.37,29.4,12069.36,2123.55,0,1
2024-04-29,582.16,249.4,27.6,12097.08,1874.15,0,0
2024-04-30,600.93,282.48,30.1,12128.38,4591.67,0,0
2024-05-01,410.94,195.09,27.9,12092.58,4396.58,1,0
2024-05-02,1398.3798021434034,255.7,28.7,12147.21,4140.87,0,0
2024-05-03,602.18,271.84,31.2,12152.17,3869.03,0,0
2024-05-04,522.84,231.56,27.9,12138.55,3637.47,0,1
2024-05-05,518.2,216.94,29.0,12056.41,3420.53,0,1
2024-05-06,602.32,281.51,34.7,12012.03,3139.01,0,0
2024-05-07,593.03,246.57,29.9,12033.86,2892.45,0,0
2024-05-08,583.54,252.71,34.1,12011.72,2639.74,0,0
2024-05-09,600.36,277.04,36.3,11947.18,2362.7,0,0
2024-05-10,587.2,244.44,31.5,11907.47,2118.26,0,0
2024-05-11,512.13,235.43,37.3,11918.98,1882.84,0,1
2024-05-12,527.98,209.55,31.3,11970.11,4673.28,0,1
2024-05-13,603.68,249.22,30.3,11941.51,4424.06,0,0
2024-05-14,607.4,284.85,,11990.03,4139.22,0,0
2024-05-15,604.32,266.07,33.5,11962.49,3873.14,0,0
2024-05-16,592.94,293.88,32.0,12073.27,3579.26,0,0
2024-05-17,625.48,267.67,38.5,12034.6,3311.59,0,0
2024-05-18,524.46,228.09,35.3,12046.11,3083.5,0,1
2024-05-19,529.68,211.97,31.0,12071.7,2871.53,0,1
2024-05-20,648.59,282.68,40.2,12098.12,2588.85,0,0
2024-05-21,594.73,248.0,34.3,12031.09,2340.84,0,0
2024-05-22,603.35,307.69,40.4,12019.34,2033.16,0,0
2024-05-23,615.81,278.89,34.9,12043.33,1754.27,0,0
2024-05-24,626.34,290.59,36.2,12039.94,4463.68,0,0
2024-05-25,513.73,226.81,34.1,12031.57,4236.87,0,1
2024-05-26,488.93,218.28,36.4,12095.67,4018.59,0,1
2024-05-27,618.98,263.49,37.8,12085.89,3755.11,0,0
2024-05-28,620.78,280.21,37.0,11997.45,3474.89,0,0
2024-05-29,614.26,229.76,41.4,11991.91,3245.14,0,0
2024-05-30,636.28,290.87,37.5,11951.51,2954.27,0,0
2024-05-31,624.87,264.03,37.8,11851.77,2690.24,0,0
2024-06-01,517.92,238.27,41.3,11799.58,2451.97,0,1
2024-06-02,1668.6741716200054,211.75,36.0,11804.76,2240.22,0,1
2024-06-03,606.64,280.77,40.0,11762.21,1959.45,0,0
2024-06-04,618.24,273.17,39.5,11735.64,4686.28,0,0
2024-06-05,602.5,271.17,39.1,11706.21,4415.11,0,0
2024-06-06,611.28,264.32,33.1,11735.56,4150.79,0,0
2024-06-07,614.14,266.42,39.8,11796.12,3884.38,0,0
2024-06-08,523.11,223.51,41.4,11802.87,3660.87,0,1
2024-06-09,515.07,192.84,36.2,11745.93,3468.03,0,1
2024-06-10,628.34,236.44,37.0,11681.64,3231.58,0,0
2024-06-11,632.9,299.94,41.8,11641.45,2931.64,0,0
2024-06-12,592.69,279.52,38.4,11658.64,2652.12,0,0
2024-06-13,615.12,289.83,37.2,11731.67,2362.29,0,0
2024-06-14,599.37,256.77,36.4,11708.57,2105.53,0,0
2024-06-15,483.69,209.51,36.5,11758.75,1896.02,0,1
2024-06-16,492.58,247.96,37.5,11814.63,4648.06,0,1
2024-06-17,626.05,252.51,40.0,11823.03,4395.55,0,0
2024-06-18,633.67,301.14,37.0,11902.8,4094.41,0,0
2024-06-19,612.89,271.26,38.5,11776.87,3823.15,0,0
2024-06-20,612.56,313.98,40.6,11792.08,3509.17,0,0
2024-06-21,579.43,244.73,41.6,11812.09,3264.44,0,0
2024-06-22,509.68,252.57,36.0,11782.74,3011.87,0,1
2024-06-23,499.88,225.94,40.1,11791.38,2785.93,0,1
2024-06-24,581.81,276.5,38.7,11713.46,2509.44,0,0
2024-06-25,605.29,274.82,40.1,11742.93,2234.61,0,0
2024-06-26,601.53,259.55,42.9,11802.57,1975.07,0,0
2024-06-27,614.03,278.63,36.1,11701.02,4696.44,0,0
2024-06-28,568.13,243.88,40.3,11848.82,4452.56,0,0
2024-06-29,513.25,240.69,37.8,11863.82,4211.87,0,1
2024-06-30,490.23,230.42,37.6,11902.43,3981.45,0,1
2024-07-01,586.55,255.86,39.1,11779.58,3725.59,0,0
2024-07-02,593.94,277.05,34.9,11632.99,3448.54,0,0
2024-07-03,595.21,280.29,41.7,11598.37,3168.26,0,0
2024-07-04,576.72,258.46,40.9,11627.11,2909.79,0,0
2024-07-05,558.56,243.42,41.1,11514.49,2666.38,0,0
2024-07-06,447.59,198.71,41.3,11380.36,2467.67,0,1
2024-07-07,469.91,218.25,41.1,11378.27,2249.42,0,1
2024-07-08,554.26,269.12,39.3,11384.68,1980.3,0,0
2024-07-09,571.47,257.55,36.3,11356.5,4722.75,0,0
2024-07-10,564.09,266.39,37.9,11291.82,4456.36,0,0
2024-07-11,571.84,270.05,39.3,11330.81,4186.31,0,0
2024-07-12,565.45,277.2,39.2,11296.26,3909.11,0,0
2024-07-13,1629.134683260899,207.88,42.2,11268.75,3701.23,0,1
2024-07-14,485.79,222.84,36.7,11195.35,3478.39,0,1
2024-07-15,568.01,267.26,39.6,11079.28,3211.13,0,0
2024-07-16,569.29,242.26,40.7,11099.81,2968.87,0,0
2024-07-17,553.41,229.39,42.1,11161.46,2739.49,0,0
2024-07-18,552.4,259.24,39.0,11114.93,2480.25,0,0
2024-07-19,535.93,231.02,41.0,11104.23,2249.23,0,0
2024-07-20,462.23,202.09,37.9,11103.37,2047.14,0,1
2024-07-21,1340.8121958848453,224.4,41.2,11164.0,1822.75,0,1
2024-07-22,565.89,268.17,40.5,,4554.58,0,0
2024-07-23,552.02,282.26,38.7,11164.95,4272.32,0,0
2024-07-24,533.98,233.98,43.8,11181.13,4038.34,0,0
2024-07-25,526.91,231.83,42.6,11130.42,3806.51,0,0
2024-07-26,542.62,272.39,38.5,11049.7,3534.12,0,0
2024-07-27,460.39,214.35,40.8,11016.13,3319.78,0,1
2024-07-28,445.34,189.64,40.2,11028.25,3130.14,0,1
2024-07-29,554.81,255.91,38.7,11089.66,2874.23,0,0
2024-07-30,554.5,226.48,36.6,11070.72,2647.75,0,0
2024-07-31,539.58,252.16,36.4,11032.72,2395.59,0,0
2024-08-01,542.26,208.98,40.9,11029.07,2186.61,0,0
2024-08-02,524.58,231.53,38.5,11047.51,1955.08,0,0
2024-08-03,452.96,242.34,41.1,11008.39,4712.74,0,1
2024-08-04,454.31,179.24,35.4,11020.7,4533.5,0,1
2024-08-05,522.72,224.58,39.1,11007.82,4308.92,0,0
2024-08-06,555.58,252.47,42.2,11080.52,4056.45,0,0
2024-08-07,546.88,240.1,39.4,11110.68,3816.36,0,0
2024-08-08,522.45,261.04,37.3,11143.85,3555.31,0,0
2024-08-09,533.52,278.24,38.4,11222.6,3277.07,0,0
2024-08-10,464.15,,36.2,11235.43,3065.06,0,1
2024-08-11,443.55,192.16,39.4,11169.33,2872.9,0,1
2024-08-12,530.2,236.51,31.9,11164.46,2636.39,0,0
2024-08-13,519.73,771.0968966468953,35.4,11241.18,2425.92,0,0
2024-08-14,524.48,244.77,37.2,11215.47,2181.15,0,0
2024-08-15,359.13,159.2,35.5,11225.26,2021.94,1,0
2024-08-16,529.58,253.82,37.3,11282.97,1768.13,0,0
2024-08-17,433.14,186.93,33.9,11304.26,4581.2,0,1
2024-08-18,436.8,197.21,35.5,11358.7,4383.99,0,1
2024-08-19,404.3,194.69,38.4,11319.65,4189.29,1,0
2024-08-20,492.13,220.51,39.3,11332.3,3968.78,0,0
2024-08-21,519.09,236.1,33.0,11249.52,3732.68,0,0
2024-08-22,489.7,211.85,35.4,11214.48,3520.82,0,0
2024-08-23,498.71,232.21,36.0,11281.09,3288.61,0,0
2024-08-24,414.98,722.9174040725524,39.6,11221.51,3110.68,0,1
2024-08-25,422.42,192.56,32.3,11235.08,2918.12,0,1
2024-08-26,506.49,228.75,33.2,11345.47,2689.37,0,0
2024-08-27,545.66,254.84,41.0,,2434.53,0,0
2024-08-28,535.11,234.53,33.2,11367.55,2200.0,0,0
2024-08-29,523.99,244.4,32.8,11392.05,1955.61,0,0
2024-08-30,506.59,203.42,35.1,11420.42,4752.19,0,0
2024-08-31,436.3,186.75,35.1,11473.14,4565.44,0,1
2024-09-01,449.28,201.39,36.2,11411.19,,0,1
2024-09-02,498.44,243.4,28.3,11384.13,4120.64,0,0
2024-09-03,496.13,187.85,33.2,11277.21,3932.79,0,0
2024-09-04,509.6,229.85,31.0,11283.64,3702.94,0,0
2024-09-05,497.67,243.56,38.0,11238.09,3459.38,0,0
2024-09-06,471.09,218.5,32.6,11236.08,3240.88,0,0
2024-09-07,300.86,134.88,32.8,11211.43,3106.0,1,1
2024-09-08,432.05,184.69,30.0,11259.18,2921.31,0,1
2024-09-09,503.15,227.0,32.7,11202.5,2694.31,0,0
2024-09-10,513.76,223.23,29.8,11268.8,2471.07,0,0
2024-09-11,532.14,210.43,32.2,11243.47,2260.64,0,0
2024-09-12,505.7,241.41,32.7,11232.14,2019.24,0,0
2024-09-13,509.52,223.88,31.2,11233.5,1795.36,0,0
2024-09-14,413.02,190.96,29.5,11225.49,4604.4,0,1
2024-09-15,435.69,188.28,30.2,11119.02,4416.12,0,1
2024-09-16,528.99,253.04,26.7,11094.44,4163.09,0,0
2024-09-17,515.15,246.9,29.1,11149.64,3916.19,0,0
2024-09-18,531.27,245.82,32.5,11190.67,3670.37,0,0
2024-09-19,509.62,221.18,36.0,11257.77,3449.19,0,0
2024-09-20,484.13,215.98,25.8,11252.63,3233.21,0,0
2024-09-21,450.02,199.94,27.4,11237.09,3033.26,0,1
2024-09-22,433.48,184.1,28.6,11211.9,2849.16,0,1
2024-09-23,487.47,222.45,30.3,11330.39,2626.71,0,0
2024-09-24,490.55,215.43,31.3,11307.24,2411.28,0,0
2024-09-25,517.35,249.05,29.4,11328.19,2162.23,0,0
2024-09-26,526.77,239.85,28.1,11278.47,1922.38,0,0
2024-09-27,503.64,219.26,27.2,11255.87,4703.12,0,0
2024-09-28,456.45,221.83,26.2,11307.76,4481.29,0,1
2024-09-29,432.35,189.39,24.8,11315.21,4291.9,0,1
2024-09-30,513.96,220.42,27.3,11302.67,4071.48,0,0
2024-10-01,476.1,195.3,27.0,11349.63,3876.18,0,0
2024-10-02,342.23,144.31,26.4,11327.11,3731.87,1,0
2024-10-03,515.95,230.92,27.8,11365.57,3500.95,0,0
2024-10-04,510.14,223.15,24.5,11371.92,3277.8,0,0
2024-10-05,423.64,189.93,26.6,11357.77,3087.87,0,1
2024-10-06,439.8,202.44,25.2,11350.68,2885.43,0,1
2024-10-07,478.2,230.23,24.5,11336.96,2655.2,0,0
2024-10-08,528.53,220.54,24.7,11353.22,2434.66,0,0
2024-10-09,495.01,208.49,27.6,11344.37,2226.17,0,0
2024-10-10,512.84,212.45,30.6,11287.46,2013.72,0,0
2024-10-11,495.06,220.76,24.0,11364.42,1792.96,0,0
2024-10-12,426.06,211.73,23.8,11348.15,4581.23,0,1
2024-10-13,409.55,181.73,25.2,11374.61,4399.5,0,1
2024-10-14,536.44,250.08,21.6,11278.84,4149.42,0,0
2024-10-15,355.7,168.31,29.2,11268.98,3981.1,1,0
2024-10-16,514.64,240.85,23.6,11254.89,3740.26,0,0
2024-10-17,525.56,263.05,23.4,11200.52,3477.21,0,0
2024-10-18,508.61,221.52,21.8,11160.42,3255.69,0,0
2024-10-19,1608.6380622211268,181.36,22.6,11139.05,3074.33,0,1
2024-10-20,423.75,203.96,24.9,11131.89,2870.37,0,1
2024-10-21,519.99,239.86,18.5,11116.47,2630.51,0,0
2024-10-22,486.09,234.24,21.9,11015.61,2396.27,0,0
2024-10-23,499.08,233.42,18.9,11021.17,2162.86,0,0
2024-10-24,376.53,171.19,18.9,11018.07,1991.67,1,0
2024-10-25,523.58,246.87,24.6,11073.9,4744.79,0,0
2024-10-26,424.07,185.84,23.0,11034.2,4558.95,0,1
2024-10-27,430.74,179.59,18.8,11107.92,4379.35,0,1
2024-10-28,518.64,251.46,23.9,11100.97,4127.89,0,0
2024-10-29,537.94,220.23,16.3,11088.83,3907.66,0,0
2024-10-30,518.37,,19.2,11188.0,3669.96,0,0
2024-10-31,522.23,235.42,22.1,11248.44,3434.54,0,0
2024-11-01,355.73,160.92,18.6,11347.57,3273.62,1,0
2024-11-02,471.91,211.98,16.1,11349.62,3061.64,0,1
2024-11-03,444.9,197.9,18.2,11365.95,2863.73,0,1
2024-11-04,518.4,246.59,15.4,11380.88,2617.14,0,0
2024-11-05,541.96,206.73,23.4,11378.17,2410.41,0,0
2024-11-06,545.08,224.59,13.6,11371.83,2185.82,0,0
2024-11-07,522.3,224.05,17.5,11374.26,1961.77,0,0
2024-11-08,519.14,245.81,16.6,11408.78,4715.96,0,0
2024-11-09,432.35,204.57,14.0,11460.46,4511.39,0,1
2024-11-10,433.18,176.65,19.7,11443.21,4334.74,0,1
2024-11-11,526.19,204.07,17.5,11539.66,4130.66,0,0
2024-11-12,548.18,288.84,12.7,11544.64,3841.82,0,0
2024-11-13,516.16,261.01,14.6,11576.31,3580.81,0,0
2024-11-14,550.77,251.58,15.4,11615.81,3329.23,0,0
2024-11-15,354.37,167.07,14.8,11577.9,3162.16,1,0
2024-11-16,448.41,186.93,12.9,11552.14,2975.23,0,1
2024-11-17,469.23,211.87,12.8,11569.67,2763.35,0,1
2024-11-18,566.18,254.83,15.2,11505.24,2508.52,0,0
2024-11-19,553.49,224.5,9.5,11544.67,2284.02,0,0
2024-11-20,552.53,260.52,21.5,11471.01,2023.49,0,0
2024-11-21,572.33,240.65,16.0,11476.68,1782.84,0,0
2024-11-22,586.57,267.3,17.8,11493.66,4515.55,0,0
2024-11-23,476.44,237.26,16.8,11526.7,4278.28,0,1
2024-11-24,475.7,204.6,10.0,11569.89,4073.69,0,1
2024-11-25,590.82,277.02,13.1,11677.26,3796.67,0,0
2024-11-26,576.76,263.68,16.1,11695.92,3532.99,0,0
2024-11-27,563.1,251.64,11.4,11832.57,3281.35,0,0
2024-11-28,570.47,235.73,12.5,11859.66,3045.62,0,0
2024-11-29,565.89,249.03,15.6,11874.35,2796.59,0,0
2024-11-30,500.63,221.09,14.9,11865.14,2575.5,0,1
2024-12-01,492.52,217.16,11.3,11901.88,2358.34,0,1
2024-12-02,572.21,273.68,9.6,11835.31,2084.66,0,0
2024-12-03,587.97,259.74,16.4,11830.81,1824.92,0,0
2024-12-04,565.01,294.75,12.1,11843.63,,0,0
2024-12-05,589.99,277.93,14.4,11903.11,4252.24,0,0
2024-12-06,568.55,270.18,10.5,11897.38,3982.06,0,0
2024-12-07,483.98,220.26,13.5,11836.82,3761.8,0,1
2024-12-08,497.38,223.97,10.0,11908.1,3537.83,0,1
2024-12-09,591.37,317.79,11.3,11851.46,3220.04,0,0
2024-12-10,562.42,234.6,13.3,11897.86,2985.44,0,0
2024-12-11,574.96,243.96,13.4,11775.27,2741.48,0,0
2024-12-12,599.79,284.96,14.0,11712.03,2456.52,0,0
2024-12-13,564.66,261.94,12.0,11809.23,2194.58,0,0
2024-12-14,504.54,225.84,9.4,11739.79,1968.74,0,1
2024-12-15,507.27,242.28,10.2,11699.99,4726.45,0,1
2024-12-16,586.06,265.86,5.0,11688.77,4460.59,0,0
2024-12-17,573.8,279.82,13.6,11705.39,4180.77,0,0
2024-12-18,589.17,766.6183972325333,,11709.55,3917.11,0,0
2024-12-19,576.56,264.45,5.8,11739.17,3652.66,0,0
2024-12-20,578.93,246.9,12.5,11683.26,3405.76,0,0
2024-12-21,477.74,223.24,9.9,11777.93,3182.52,0,1
2024-12-22,482.44,219.48,13.9,11726.56,2963.04,0,1
2024-12-23,581.28,282.39,13.5,11752.69,2680.65,0,0
2024-12-24,583.3,275.64,8.3,11779.08,2405.01,0,0
2024-12-25,405.08,169.49,11.1,11785.91,2235.52,1,0
2024-12-26,540.19,237.1,7.6,11803.0,1998.43,0,0
2024-12-27,574.48,276.13,11.8,11874.48,4722.3,0,0
2024-12-28,481.3,208.68,8.6,11898.04,4513.61,0,1
2024-12-29,492.9,233.53,11.1,11913.96,4280.09,0,1
2024-12-30,561.7,250.73,13.5,11968.71,4029.36,0,0
2024-12-31,564.04,259.28,8.8,11940.7,3770.08,0,0
